{
  "expo": {
    "name": "MedLeb",
    "slug": "medleb-app",
    "version": "1.1.0",
    "orientation": "portrait",
    "icon": "./assets/medleb-icon-ios.png",
    "userInterfaceStyle": "light",
    "updates": {
      "fallbackToCacheTimeout": 0
    },
    "assetBundlePatterns": ["**/*"],
    "ios": {
      "supportsTablet": false,
      "bundleIdentifier": "lb.medleb.app"
    },
    "android": {
      "adaptiveIcon": {
        "foregroundImage": "./assets/adaptive-icon.png",
        "backgroundColor": "#FFFFFF"
      },
      "package": "lb.medleb.app"
    },
    "web": {
      "favicon": "./assets/favicon.png"
    },
    "extra": {
      "eas": {
        "projectId": "4b736727-7ce3-41db-8828-dfedfeb52d81"
      }
    }
  }
}
